estado,nombre,periodo,partido
Ciudad de México,José Joaquín Francisco Jerónimo Morán y del Villar-Cossío,11 de octubre de 1823,Militar
Ciudad de México,Melchor Múzquiz,9 de enero de 1824,Popular (Yorkino)
Ciudad de México,Manuel Gómez Pedraza,3 de marzo de 1824,Logia Escocesa (Centralista y Conservador)
Ciudad de México,Manuel Gómez Pedraza,18 de noviembre de 1824,Logia Escocesa (Centralista y Conservador)
Ciudad de México,José María Tornel,25 de noviembre de 1825,
Ciudad de México,Juan Manuel de Elizalde,26 de agosto de 1826,
Ciudad de México,Francisco Molinos del Campo,2 de septiembre de 1826,
Ciudad de México,Juan Manuel de Elizalde,2 de octubre de 1826,
Ciudad de México,José Ignacio Esteva Bruell,28 de diciembre de 1827,
Ciudad de México,José María Tornel,23 de febrero de 1828,
Ciudad de México,José Ignacio Esteva Bruell,3 de diciembre de 1828,
Ciudad de México,Agustín Pérez de Lebrija,30 de enero de 1830,
Ciudad de México,Miguel Jerónimo de Cervantes y Velasco,20 de febrero de 1830,
Ciudad de México,Francisco Fagoaga,18 de febrero de 1831,
Ciudad de México,Ignacio Martínez,14 de octubre de 1832,
Ciudad de México,José Joaquín de Herrera,8 de enero de 1833,
Ciudad de México,Ignacio Martínez,17 de abril de 1833,
Ciudad de México,José María Tornel,24 de noviembre de 1833,
Ciudad de México,Ramón López Rayón,12 de enero de 1835,
Ciudad de México,José Gómez de la Cortina,13 de octubre de 1835,
Ciudad de México,Manuel Fernández Madrid,15 de octubre de 1836,
Ciudad de México,Francisco García Conde,26 de octubre de 1836,
Ciudad de México,José Guadalupe Covarrubias,7 de diciembre de 1846,
Ciudad de México,Vicente Romero,4 de enero de 1847,
Ciudad de México,Juan José Baz,13 de enero de 1857,
Ciudad de México,José Ramón Malo,17 de febrero de 1847,
Ciudad de México,Ignacio Tiburcio Valeriano Trigueros Olea,29 de marzo de 1847,
Ciudad de México,José Ignacio Gutiérrez,3 de junio de 1847,
Ciudad de México,Manuel María Lombardini,29 de junio de 1847,
Ciudad de México,Miguel Cervantes,3 de agosto de 1847,
Ciudad de México,José María Tornel,22 de agosto de 1847,
Ciudad de México,José Joaquín de Herrera,26 de agosto de 1847,
Ciudad de México,Manuel Reyes Veramendi,16 de septiembre de 1847,
Ciudad de México,Francisco Suárez Iriarte,25 de diciembre de 1847,
Ciudad de México,Juan María Florés y Terán,28 de marzo de 1848,
Ciudad de México,José Ramón Malo,5 de noviembre de 1848,
Ciudad de México,Pedro Jorrín,14 de mayo de 1849,
Ciudad de México,Pedro María Anaya,10 de julio de 1849,
Ciudad de México,Miguel María de Azcárate,2 de enero de 1850,
Ciudad de México,Antonio Díez de Bonilla,21 de octubre de 1854,
Ciudad de México,Martín Carrera,15 de noviembre de 1854,
Ciudad de México,Antonio Díez de Bonilla,15 de agosto de 1855,
Ciudad de México,Juan José Baz,5 de enero de 1856,
Ciudad de México,Agustín Alcérreca,4 de octubre de 1857,
Ciudad de México,Miguel María de Azcárate,21 de enero de 1858,
Ciudad de México,Romulo Díaz de la Vega,29 de diciembre de 1859,
Ciudad de México,Francisco G. Casanova,29 de febrero de 1860,
Ciudad de México,Justino Fernández Mondoño,6 de enero de 1861,
Ciudad de México,Miguel Blanco y Muzquiz,9 de febrero de 1861,
Ciudad de México,Juan José Baz,25 de junio de 1861,
Ciudad de México,Anastasio Parrodi,8 de enero de 1862,
Ciudad de México,Ángel Frías,23 de abril de 1862,
Ciudad de México,Anastasio Parrodi,1 de mayo de 1862,
Ciudad de México,José María González de Mendoza,24 de mayo de 1862,
Ciudad de México,José Silvestre Aramberri,20 de septiembre de 1862,
Ciudad de México,Ponciano Arriaga,23 de enero de 1863,
Ciudad de México,José María González de Mendoza,1 de marzo de 1863,
Ciudad de México,Miguel María de Azcárate,12 de junio de 1863,
Ciudad de México,Manuel García Aguirre,30 de junio de 1863,
Ciudad de México,Porfirio Díaz,15 de junio de 1867,
Ciudad de México,Juan José Baz,14 de agosto de 1867,
Ciudad de México,Francisco A. Vélez,7 de septiembre de 1869,
Ciudad de México,Francisco Paz,27 de enero de 1871,
Ciudad de México,Gabino Bustamante,16 de marzo de 1871,
Ciudad de México,Alfredo Chavero,15 de junio de 1871,
Ciudad de México,José María Castro,19 de septiembre de 1871,
Ciudad de México,Tiburcio Montiel,29 de octubre de 1871,
Ciudad de México,Joaquín A. Pérez,29 de septiembre de 1873,
Ciudad de México,Protasio Pérez de Tagle,21 de noviembre de 1876,
Ciudad de México,Agustín del Río,30 de noviembre de 1876,
Ciudad de México,Juan Crisóstomo Bonilla,7 de febrero de 1877,
Ciudad de México,Luis del Carmen Curiel,19 de febrero de 1877,
Ciudad de México,Carlos Pacheco Villalobos,2 de diciembre de 1880,
Ciudad de México,Ramón Fernández,26 de junio de 1881,
Ciudad de México,Carlos Rivas,3 de junio de 1884,
Ciudad de México,José Cevallos Cepeda,3 de diciembre de 1884,
Ciudad de México,Manuel Domínguez Quintanar,19 de abril de 1893,
Ciudad de México,Pedro Rincón Gallardo y Terreros,17 de julio de 1893,
Ciudad de México,Nicolás Islas y Bustamante,3 de agosto de 1896,
Ciudad de México,Rafael Rebollar,8 de agosto de 1896,
Ciudad de México,Guillermo Landa y Escandón,8 de octubre de 1900,
Ciudad de México,Ramón Corral,8 de diciembre de 1900,
Ciudad de México,Guillermo Landa y Escandón,3 de enero de 1905,
Ciudad de México,Samuel García Cuéllar,3 de mayo de 1911,
Ciudad de México,Alberto García Granados,20 de mayo de 1911,
Ciudad de México,Ignacio Rivero,3 de agosto de 1912,
Ciudad de México,Federico González Garza,21 de agosto de 1912,
Ciudad de México,Enrique Cepeda/Alberto Yarza,2 de febrero de 1913,
Ciudad de México,Samuel García Cuéllar,25 de febrero de 1913,
Ciudad de México,Ramón Corona MacEntee,25 de febrero de 1914,
Ciudad de México,Eduardo Iturbide,15 de julio de 1914,
Ciudad de México,Álvaro Obregón,15 de agosto de 1914,
Ciudad de México,Alfredo Robles Domínguez,18 de agosto de 1914,
Ciudad de México,Heriberto Jara,10 de septiembre de 1914,
Ciudad de México,Juan Gutiérrez R.,22 de noviembre de 1914,
Ciudad de México,Vicente Navarro,26 de noviembre de 1914,
Ciudad de México,Manuel Chao,4 de diciembre de 1914,
Ciudad de México,Vito Alessio Robles,1 de enero de 1915,
Ciudad de México,Daniel Lecona y Soto,27 de enero de 1915,
Ciudad de México,Juan Venegas,30 de enero de 1915,
Ciudad de México,Amador Salazar,11 de marzo de 1915,
Ciudad de México,Francisco de Paula Mariel y Careta,1 de septiembre de 1915,
Ciudad de México,Gildardo Magaña,12 de mayo de 1915,
Ciudad de México,Juan Venegas,11 de junio de 1915,
Ciudad de México,César López de Lara,10 de julio de 1915,
Ciudad de México,Gildardo Magaña,22 de julio de 1915,
Ciudad de México,César López de Lara,3 de agosto de 1915,
Ciudad de México,Gonzalo G. de la Mota,7 de abril de 1917,
Ciudad de México,César López de Lara,4 de mayo de 1917,
Ciudad de México,Alfredo Breceda Mercado,22 de enero de 1918,
Ciudad de México,Arnulfo González,21 de agosto de 1918,
Ciudad de México,Alfredo Breceda Mercado,21 de enero de 1919,
Ciudad de México,Benito Flores,27 de febrero de 1919,
Ciudad de México,Manuel Rueda Magro,27 de mayo de 1919,
Ciudad de México,Manuel Gómez Noriega,6 de mayo de 1920,
Ciudad de México,Celestino Gasca Villaseñor,8 de julio de 1920,
Ciudad de México,Ramón Ross,25 de octubre de 1923,
Ciudad de México,Abel S. Rodríguez,15 de diciembre de 1923,
Ciudad de México,Ramón Ross,11 de febrero de 1924,
Ciudad de México,Francisco R. Serrano,21 de junio de 1926,
Ciudad de México,Primo Villa Michel,20 de junio de 1927,
Ciudad de México,José Manuel Puig Casauranc,1 de enero de 1929,Partido Nacional Revolucionario
Ciudad de México,Crisóforo Ibáñez,1 de enero de 1930,Partido Nacional Revolucionario
Ciudad de México,José Manuel Puig Casauranc,5 de febrero de 1930,Partido Nacional Revolucionario
Ciudad de México,Crisóforo Ibáñez,3 de julio de 1930,Partido Nacional Revolucionario
Ciudad de México,Lamberto L. Hernández,8 de octubre de 1930,Partido Nacional Revolucionario
Ciudad de México,Enrique Romero Courtade,16 de octubre de 1931,Partido Nacional Revolucionario
Ciudad de México,Lorenzo Hernández,27 de octubre de 1931,Partido Nacional Revolucionario
Ciudad de México,Vicente Estrada Cajigal,25 de enero de 1932,Partido Nacional Revolucionario
Ciudad de México,Manuel Padilla,27 de agosto de 1932,Partido Nacional Revolucionario
Ciudad de México,Juan G. Cabral,5 de septiembre de 1932,Partido Nacional Revolucionario
Ciudad de México,Aarón Sáenz,16 de diciembre de 1932,Partido Nacional Revolucionario
Ciudad de México,Aarón Sáenz,1 de diciembre de 1934,Partido Nacional Revolucionario
Ciudad de México,Cosme Hinojosa,18 de julio de 1935,Partido Nacional Revolucionario
Ciudad de México,José Siurob Ramírez,4 de enero de 1938,Partido de la Revolución Mexicana
Ciudad de México,Raúl Castellano Jiménez,24 de enero de 1939,Partido de la Revolución Mexicana
Ciudad de México,Javier Rojo Gómez,1 de diciembre de 1940,Partido de la Revolución Mexicana
Ciudad de México,Fernando Casas Alemán,1 de diciembre de 1946,Partido Revolucionario Institucional
Ciudad de México,Ernesto P. Uruchurtu,1 de diciembre de 1952,Partido Revolucionario Institucional
Ciudad de México,Alfonso Corona del Rosal,20 de octubre de 1966,Partido Revolucionario Institucional
Ciudad de México,Alfonso Martínez Domínguez,1 de diciembre de 1970,Partido Revolucionario Institucional
Ciudad de México,Octavio Sentíes Gómez,16 de junio de 1971,Partido Revolucionario Institucional
Ciudad de México,Carlos Hank González,1 de diciembre de 1976,Partido Revolucionario Institucional
Ciudad de México,Ramón Aguirre Velázquez,1 de diciembre de 1982,Partido Revolucionario Institucional
Ciudad de México,Manuel Camacho Solís,1 de diciembre de 1988,Partido Revolucionario Institucional
Ciudad de México,Manuel Aguilera Gómez,29 de noviembre de 1993,Partido Revolucionario Institucional
Ciudad de México,Óscar Espinosa Villarreal,1 de diciembre de 1994,Partido Revolucionario Institucional
Ciudad de México,Cuauhtémoc Cárdenas,5 de diciembre de 1997 - 29 de septiembre de 1999,Partido de la Revolución Democrática
Ciudad de México,Rosario Robles (sustituta),29 de septiembre de 1999 - 4 de diciembre de 2000,Partido de la Revolución Democrática
Ciudad de México,Andrés Manuel López Obrador,5 de diciembre de 2000 - 29 de julio de 2005,Partido de la Revolución Democrática
Ciudad de México,Alejandro Encinas Rodríguez (sustituto),2 de agosto de 2005 - 4 de diciembre de 2006,Partido de la Revolución Democrática
Ciudad de México,Marcelo Ebrard,5 de diciembre de 2006 - 4 de diciembre de 2012,Partido de la Revolución Democrática
Ciudad de México,Miguel Ángel Mancera,5 de diciembre de 2012 - 29 de marzo de 2018,Partido de la Revolución Democrática
Ciudad de México,Claudia Sheinbaum,5 de diciembre de 2018 - 16 de junio de 2023,Movimiento de Regeneración Nacional
Ciudad de México,Martí Batres (sustituto),16 de junio de 2023 - 4 de octubre de 2024,Movimiento de Regeneración Nacional
Ciudad de México,Clara Brugada,Desde el 5 de octubre de 2024,Movimiento de Regeneración Nacional
